"INSTRUCTIONS: Fill in data for each faculty/staff member. Required fields marked with *. For multiple entries, separate with semicolons (;). See example row below.",,,,,,,,,,,,,,,,,,,,,,,,,,,,,,,,,,,,,,,,,,,,,,,,,,,
ID*,Slug*,First Name*,Middle Name,Last Name*,Title,Designation*,Department,Faculty Type*,Category*,Image Path,Bio,Specialization,Courses - Names,Courses - Codes,Courses - Programs,Courses - Semesters,Education - Degrees,Education - Fields,Education - Institutions,Education - Years,Education - Countries,Experience - Positions,Experience - Organizations,Experience - Durations,Experience - Descriptions,Publications - Titles,Publications - Types,Publications - Venues,Publications - Years,Publications - Authors,Publications - Links,Research Interests - Areas,Research Interests - Descriptions,Awards - Titles,Awards - Organizations,Awards - Years,Awards - Descriptions,Contact - Email,Contact - Phone,Contact - Office,Contact - Website,Contact - LinkedIn,Contact - Google Scholar,Contact - ORCID,Joining Date,Reports To,Manages,Board Position,Leadership Role,Is Active*,Order
faculty-001,dr-rajesh-sharma,Rajesh,,Sharma,Dr.,Professor,Computer Engineering,full-time,board-member,/pp/1.png,Dr. Rajesh Sharma is a distinguished professor with over 20 years of experience in computer engineering and artificial intelligence.,"Artificial Intelligence, Machine Learning, Computer Vision",Machine Learning; Neural Networks and Deep Learning; Computer Vision,CS501; CS502; CS601,B. Tech in AI; B. Tech in AI; B. Tech in AI,Semester V; Semester V; Semester VI,Ph.D.; M.S.; B.E.,Computer Science; Computer Science; Computer Engineering,Stanford University; MIT; Tribhuvan University,2005; 2001; 1999,USA; USA; Nepal,Professor; Associate Professor; Research Scientist,NIET; Kathmandu University; Google Research,2015 - Present; 2010 - 2015; 2005 - 2010,Leading research in AI and teaching graduate courses; ; ,Deep Learning for Medical Image Analysis; Neural Architecture Search for Edge Devices,journal; conference,Nature Machine Intelligence; ICML 2022,2023; 2022,"R. Sharma, A. Kumar; ",https://example.com/pub1; https://example.com/pub2,Deep Learning; Computer Vision; Medical AI,Neural network architectures and optimization; Image recognition and video analysis; AI applications in healthcare,Best Paper Award; Outstanding Researcher,ICML; Nepal Academy of Science,2022; 2021,; ,rajesh.sharma@niet.edu.np,+977-1-XXXXXXX,"Block A, Room 301",,linkedin.com/in/rajeshsharma,scholar.google.com/citations?user=rajeshsharma,,2015-01-15,,,Chairman,Head of Department - Computer Engineering,true,1
,,,,,,,,,,,,,,,,,,,,,,,,,,,,,,,,,,,,,,,,,,,,,,,,,,,
,,,,,,,,,,,,,,,,,,,,,,,,,,,,,,,,,,,,,,,,,,,,,,,,,,,
,,,,,,,,,,,,,,,,,,,,,,,,,,,,,,,,,,,,,,,,,,,,,,,,,,,
,,,,,,,,,,,,,,,,,,,,,,,,,,,,,,,,,,,,,,,,,,,,,,,,,,,
,,,,,,,,,,,,,,,,,,,,,,,,,,,,,,,,,,,,,,,,,,,,,,,,,,,
,,,,,,,,,,,,,,,,,,,,,,,,,,,,,,,,,,,,,,,,,,,,,,,,,,,
,,,,,,,,,,,,,,,,,,,,,,,,,,,,,,,,,,,,,,,,,,,,,,,,,,,
,,,,,,,,,,,,,,,,,,,,,,,,,,,,,,,,,,,,,,,,,,,,,,,,,,,
,,,,,,,,,,,,,,,,,,,,,,,,,,,,,,,,,,,,,,,,,,,,,,,,,,,
,,,,,,,,,,,,,,,,,,,,,,,,,,,,,,,,,,,,,,,,,,,,,,,,,,,
